{
  "project_info": {
    "project_number": "471175812918",
    "firebase_url": "https://leap-a9a61-default-rtdb.europe-west1.firebasedatabase.app",
    "project_id": "leap-a9a61",
    "storage_bucket": "leap-a9a61.appspot.com"
  },
  "client": [
    {
      "client_info": {
        "mobilesdk_app_id": "1:471175812918:android:b9ed5ce6767ca4ba24c597",
        "android_client_info": {
          "package_name": "com.example.leap"
        }
      },
      "oauth_client": [],
      "api_key": [
        {
          "current_key": "AIzaSyBz63ypuoFhV78AG6l1wqhY0DHPzQibXso"
        }
      ],
      "services": {
        "appinvite_service": {
          "other_platform_oauth_client": []
        }
      }
    }
  ],
  "configuration_version": "1"
}